time of day,Parkinsons,hold_time,flight_time
afternoon,False,99.23778694842436,175.8839404277821
afternoon,True,116.94190001340394,190.17036773149493
evening,False,101.00279570777498,170.51084570928285
evening,True,117.29510685119627,190.47766735170018
morning,False,101.27177448686973,189.27699539072594
morning,True,115.19973447363637,188.26585257335955
